littlemad,BIGMAD,UserName,TimeStamps,Tweets,Replies,Retweets,Likes
0,,"Cyber Security Jobs // InfoSec Jobs
@CyberSecJobsIO
¬∑
9s",2022-08-18T01:00:27.000Z,"Trace3 is hiring Principal Network Security Engineer | Palo Alto.

  Apply now: https://zpr.io/Q5qVJcyfjexQ

#cybersecurity #cybersecurityjobs #cybersec #fulltime #fulltimejobs #consulting #consultingjobs",,1,
0,,"H&M USA
@hmusa",2022-08-18T00:52:16.000Z,Ready for a fresh school start? We have everything that's needed for a new season ahead!,17,33,205
0,,"Information Security Briefly
@InfoSec_b
¬∑
28m",2022-08-18T00:32:15.000Z,"Google, Apple squash exploitable browser bugs
https://briefly.co/anchor/Information_security/story/google-apple-squash-exploitable-browser-bugs?f=porchetta&utm_source=Twitter&utm_medium=autotweet&utm_content=highlighted&utm_campaign=Information_security‚Ä¶
Highlights by 
@micshasan",,,
0,,"DeepFriedCyber
@DeepFriedCyber
¬∑
41m",2022-08-18T00:19:09.000Z,Update Chrome now! Google issues patch for zero day spotted in the wild http://dlvr.it/SWpkyt #news #cybersecurity #infosec,,,
0,,"Justin Truglio
@jtruglio
¬∑
52m",2022-08-18T00:08:33.000Z,Critical RCE Bug Could Let Hackers Remotely Take Over DrayTek Vigor Routers http://dlvr.it/SWpjvn #cybersecurity #infosec,,,
0,,"Cyber Security Jobs // InfoSec Jobs
@CyberSecJobsIO
¬∑
59m",2022-08-18T00:01:49.000Z,"Lucid Motors is hiring Software Test Engineer, HiL Powertrain Controls.

  Apply now: https://zpr.io/CEWfSgekiLqg

#cybersecurity #cybersecurityjobs #cybersec #fulltime #fulltimejobs #manager #managerjobs",,,1
0,,"Eddie
@InfosecLogger
¬∑
1h",2022-08-17T23:58:34.000Z,"Pardon.

On behalf of exurban Milwaukeeans,

#slap",,,2
0,,"APT Big Daddy
@DahvidSchloss
¬∑
1h",2022-08-17T23:53:07.000Z,"Because I'm seeing a ton of you in infosec Twitter saying you popped positive from 
@DEFCON
 just a reminder that all #DEFCON30 attendees were entered into the COVID CTF. If you capture the (+) flag, please notify safety@defcon.org so they can get a semi-accurate count. Do yo part",,5,3
0,,"Justin Thomas
@infosec_thosas
¬∑
1h",2022-08-17T23:40:44.000Z,"Apple patches double zero-day in browser and kernel ‚Äì update now! 
Read more... https://nakedsecurity.sophos.com/2022/08/18/apple-patches-double-zero-day-in-browser-and-kernel-update-now/‚Ä¶
#CyberSecurity #",,,
0,,"Speex
@speexvocon
¬∑
1h",2022-08-17T23:30:40.000Z,This little blurb is what he considers the defamation...,2,,
0,,"Matt Franz
@seclectech
¬∑
1h",2022-08-17T23:24:28.000Z,"The fact this even has to be said (let alone could be controversial) shows how fucked Infosec is. 

Cyber is a terrible word. Life was better when it was called ‚Äúcomputer security‚Äù or ‚Äúnetwork security‚Äù because it assumed you actually knew something about those topics.",1,,1
0,,"DeepFriedCyber
@DeepFriedCyber
¬∑
1h",2022-08-17T23:13:41.000Z,PC store told it can't claim full cyber-crime insurance after social-engineering attack http://dlvr.it/SWpdbw #news #cybersecurity #infosec,,1,1
0,,"KeoXes
@KeoXes
¬∑
1h",2022-08-17T23:08:51.000Z,PC store told it can't claim full cyber-crime insurance after social-engineering attack https://ift.tt/Oqnd15a #follow & #RT #cybersecurity #infosec,,1,
0,,"Aaron Schaffer
@aaronjschaffer
¬∑
2h",2022-08-17T22:59:45.000Z,The case (and complaint) was filed in federal court on Aug. 3. The complaint wasn't uploaded to CourtListener until Aug. 17.,2,,4
0,,"InfoSec Nyheter
@InfoSecNorge
¬∑
2h",2022-08-17T22:49:48.000Z,Signal melder om dataangrep ‚Äì ber brukere ta ett viktig grep - Journalisten,,,
0,,"Upwork
@Upwork",2022-08-17T22:43:07.000Z,"Finding the perfect developer, designer, project manager, or whoever you may need is easy‚Äîyou just have to know where to look. Find them today on Upwork.",12,9,57
0,,"archTIS
@arch_tis
¬∑
2h",2022-08-17T22:30:00.000Z,".
@arch_tis
 Launches Kojensi SaaS v2.0 - New features including an export control capability helps Defence & industry meet ITAR compliance mandates easily and quickly. https://hubs.ly/Q01kfgjD0

#ITARcompliance #infosec #governmentcontracting #governmentcompliance #securefilesharing",,6,19
0,,"’™–≥Œµ (InfoSec Babysitter)
@AOnung
¬∑
2h",2022-08-17T22:11:05.000Z,"Abegi, Arteta get two heads?!",1,,2
0,,"ShagNasty the infosec enjoyer
@YaBoiShagNasty
¬∑
2h",2022-08-17T22:03:10.000Z,actually real,,,3
0,,"Infosec Alevski
@Alevskey
¬∑
3h",2022-08-17T21:55:54.000Z,"Netflix‚Äôs ad-supported plan may block offline viewing, code suggests: https://ift.tt/PckhlOg by TechCrunch #infosec #software #technology",,,
0,,"George
@georgejrjrjr
¬∑
3h",2022-08-17T21:45:28.000Z,"Before that, FireSheep and MetaSploit --infosec people were so annoyed that companies weren't taking hard attacks seriously, they made the attacks point-and-click. 

This is security culture: make the problem worse to demonstrate value.",1,,
0,,CyberIQs,2022-08-17T21:36:51.000Z,Infoblox's Jesper Andersen on How to Identify #infosec #infosecurity #cybersecurity #threatintel #threatintelligence #hacking #cybernews #cyberattack #cloudsecurity #appsec #malware #ransomware #devops #dfir #cyber #threathunting #bitcoin #CISA #owasp,1,3,
0,,"Metacurity - The Leading Infosec Daily Newsletter
@Metacurity
¬∑
3h",2022-08-17T21:23:58.000Z,"DOE Announces $45 Million for Next-Generation Cyber Tools to Protect the Power Grid https://energy.gov/articles/doe-announces-45-million-next-generation-cyber-tools-protect-power-grid‚Ä¶ via 
@energygov",,,1
0,,"Hurricane Labs
@hurricanelabs
¬∑
3h",2022-08-17T21:15:11.000Z,Open Source Favorites: 7 #Security Tools You Should Know ‚Äì https://bit.ly/3txtadA #cybersecurity #infosec #securityawareness #blog,,1,1
0,,"Allaboutclait
@allaboutclait
¬∑
3h",2022-08-17T21:05:25.000Z,Update Chrome now to patch actively exploited zero-day https://arstechnica.com/information-technology/2022/08/update-chrome-now-to-patch-actively-exploited-zero-day/‚Ä¶ #infosec,,7,8
0,,"‚ìÉ‚ìÑ‚ìâTruppi
@NotTruppi
¬∑
4h",2022-08-17T21:00:15.000Z,Thoma Bravo Closes $6.9B Acquisition of Identity-Security Vendor SailPoint https://buff.ly/3c1AGc1 #infosec #security #dark,,,
0,,"Parents : Know HPV
@knowhpv",2022-08-17T20:50:16.000Z,Prepare for your child‚Äôs next well visit. Talk to their doctor about HPV-related cancers.,,5,14
0,,"Vault Security
@_Vault_Security
¬∑
4h",2022-08-17T20:30:00.000Z,"Tencent Stops NFT Sales, Allows Refunds on Its Huanhe Platform.

https://nftevening.com/tencent-stops-nft-sales-allows-refunds-on-its-huanhe-platform/‚Ä¶ #infosec #cybersec #cybersecurity #NFTs #NFTCommumity",,5,3
0,,"RAFAEL BRA
@rafael52987
¬∑
4h",2022-08-17T20:19:22.000Z,#startup #sensors #VR #SaaS #dataviz #Artificial #Intelligence- #programming  #CodeNewbie #reactjs #bugbounty #DataScience #infosec #gamedev #BigData #Coding #DataScience #NeuralNetworks  #OpenSource #AI #numpy #Algebra #DEVCommunity #codinglife,,1,1
0,,"TeachPrivacy
@TeachPrivacy
¬∑
4h",2022-08-17T20:06:18.000Z,"Evernote phishing scam targeting healthcare providers to harvest credentials https://bit.ly/3QrRbwR #infosec via 
@SCMagazine",,,
0,,"SecureAuth
@SecureAuth
¬∑
5h",2022-08-17T20:01:08.000Z,"Passwords on their own are not sufficient to protect us from #identitytheft, according to our CISO and VP of Information Security, Paul Kincaid. 
@CSOonline
's article shares tips on how to address resistance to #MFA: https://csoonline.com/article/3658472/10-most-common-mfa-excuses-and-how-to-answer-them.html‚Ä¶

#IAM #cybersecurity #InfoSec",,,2
0,,"Matthew Gracie
@InfosecGoon
¬∑
5h",2022-08-17T19:55:55.000Z,"""So what do you use to design new products for the Bills store?""

""Print Shop.""",,,1
0,,"EnigmaSoft Limited
@enigmasoftware
¬∑
5h",2022-08-17T19:46:53.000Z,Qqlc #Ransomware is part of the ever-growing STOP/Djvu family of aggressive malware threats. Beware! https://enigmasoftware.com/qqlcransomware-removal/‚Ä¶ #infosec #cyber #cyberattack #cybersecurity #cybercrime #computersecurity #ransomwareattack #MalwareAttack #malware,,,
0,,"DeepFriedCyber
@DeepFriedCyber
¬∑
5h",2022-08-17T19:39:39.000Z,New Deep Instinct partner program targets MSSPs fighting ransomware http://dlvr.it/SWpDVX #news #cybersecurity #infosec,,,
0,,"c:\Srita K
@SritaKaren
¬∑
5h",2022-08-17T19:32:16.000Z,"#Cybersecurity #InfoSec #hacking TechCrunch is part of the Yahoo family of brands https://techcrunch.com/2022/08/17/thetruthspy-spyware-lookup-tool/‚Ä¶, see more https://tweetedtimes.com/SritaKaren?s=tnp‚Ä¶",,,
0,,"Programmatic.Solutions
@Programmatoris
¬∑
5h",2022-08-17T19:26:07.000Z,GnuPG symmetric encryption yields different output - Visit https://programmatic.solutions/gpe7xg/gnupg-symmetric-encryption-yields-different-output‚Ä¶ for the solution. #encryption #cryptography #gnupg #infosec #programming,,4,
0,,"Metacurity - The Leading Infosec Daily Newsletter
@Metacurity
¬∑
5h",2022-08-17T19:19:00.000Z,Army piloting new offensive cyber course for US Cyber Command,,,
0,,"InfoSec Coydog
@NativeIndianDog
¬∑
5h",2022-08-17T19:08:23.000Z,Delicious and based,,,1
0,,"Cyber Security Jobs // InfoSec Jobs
@CyberSecJobsIO
¬∑
6h",2022-08-17T19:00:28.000Z,"DeepSource is hiring Senior Security Engineer.

  Apply now: https://zpr.io/VrCyUttfrTFF

#cybersecurity #cybersecurityjobs #cybersec #fulltime #fulltimejobs",,1,1
0,,"Information Security Briefly
@InfoSec_b
¬∑
6h",2022-08-17T18:52:39.000Z,"China-Backed RedAlpha APT Builds Sprawling Cyber-Espionage Infrastr... (Dark Reading)

The RedAlpha advanced persistent threat (APT) group, thought to be linked to the Chinese sta...

Add your highlights:
https://briefly.co/anchor/Information_security/story/china-backed-redalpha-apt-builds-sprawling-cyber-espionage-infrastructure-2?hl=1&f=porchetta&utm_source=Twitter&utm_medium=autotweet&utm_content=unhighlighted&utm_campaign=Information_security‚Ä¶
 #infosec #informati...",,2,
0,,"Tobias Funke is at infosec.exchange/@gobiasinfosec
@GobiasInfosec
¬∑
6h",2022-08-17T18:45:20.000Z,"You have to be qualified and pay a down payment to get a mortgage. You don't need to prove anything to get student loans. 

I am all for personal responsibility, but this is beyond predatory and the lendors need to be held responsible for it.",,,4
0,,"InfoSec Goose
@AlisterBrenton
¬∑
6h",2022-08-17T18:33:03.000Z,"IBM puts NIST‚Äôs quantum-resistant crypto to work in Z16 mainframe: Big Blue says it helped developed the algos, so knows what it's doing

IBM has started offering quantum-resistant crypto ‚Äì using the quantum-resistant crypto recommended by the US‚Ä¶",,,
0,,"Veli Uotila
@VeliUotila
¬∑
6h",2022-08-17T18:25:05.000Z,"A security researcher claims that Apple's iOS devices are still leaking data outside the VPN tunnel. https://arstechnica.com/information-technology/2022/08/ios-vpns-still-leak-traffic-more-than-2-years-later-researcher-claims/‚Ä¶

#Mobile #Apple #iOS156 #Privacy #InfoSec #DataSec #CyberSecurity",1,2,1
0,,"shelly/Infosec The Scarlet Hacker Witch
@shelly2161
¬∑
6h",2022-08-17T18:19:06.000Z,but they also believe,1,,
0,,"CyberIQs
@CyberIQs_
¬∑
6h",2022-08-17T18:13:44.000Z,"China-Backed RedAlpha APT Builds Sprawling #infosec #infosecurity #cybersecurity #threatintel #threatintelligence #hacking #cybernews #cyberattack #threathunting 
#cloudsecurity #appsec #malware #ransomware #devops #dfir #bitcoin #CISA #owasp",,1,
0,,"programmerjokesofficial
@programmerjoke9
¬∑
6h",2022-08-17T18:06:55.000Z,"Not what I was looking for#100Daysofcode #javascript #programming #dev #linux #java #programming #CodeNewbie #python #reactjs #bugbounty #DataScience #infosec #gamedev #BigData 
@programmerjoke9",1,6,4
0,,"adamJ@Sophos
@AdamJSophos
¬∑
7h",2022-08-17T18:03:11.000Z,"Learn about pioneering engineering cloud IT organization partners with 
@Sophos
 Gold MSP to expand services and achieve a competitive advantage.

Watch Here: https://vimeo.com/739781804

#Cybersecurity #MSP #malware #infosec #informationtechnology",,,
0,,"üÖΩüÜÉüÖΩüÖ∏üÖΩ üÖ∑üÖ∏üÖªüÜà
@AHCybSec
¬∑
7h",2022-08-17T17:59:15.000Z,"Nearly 1.31 million users have been targeted by malicious or unwanted web browser extensions at least once during this year. Detail: #infosec #Pentesting #hackerghost #Web3 #malware #Ransomware https://twitter.com/HackerGhosttube/status/1559953707496001536‚Ä¶
#infosec #cybersecurity",,1,1
0,,"Icy Hot
@icyhot",2022-08-17T17:53:02.000Z,"Introducing Icy Hot PRO Cream with moisturizing microspheres. Two max strength pain relievers for your pain, microspheres for your skin.",4,2,20
0,,"Beyond Boundariez International
@BBoundariez
¬∑
7h",2022-08-17T17:45:58.000Z,#Happy #Janmashtami #Janmashtami2022 #janmashtmi #janmashtamispecial #CISA #GDPR #ISO #Business #infosec #informationsecurity #information #beyondboundariez,,1,
0,,"1Kosmos
@1KosmosBlockID
¬∑
7h",2022-08-17T17:41:02.000Z,"Is the future really passwordless? What are the best alternatives to passwords?

Learn more on the 1Kosmos blog: https://1kosmos.com/authentication/password-alternatives/?utm_source=twitter&utm_medium=cpc&utm_campaign=organic‚Ä¶

#password #cybersecurity #infosec",,,
0,,"Nic Fillingham
@nicfill
¬∑
7h",2022-08-17T17:31:40.000Z,I can hear the music playing in my head!!! Congrats to all the 2022 MVRs! Thank you for your amazing contributions to security research!,,,7
0,,"Cyclonis
@cyclonislimited
¬∑
7h",2022-08-17T17:27:50.000Z,"Ransomcrow #Ransomware Asks for Modest #Ransom Payment
 https://cyclonis.com/remove-ransomcrow-ransomware/‚Ä¶ #infosec #malware #MalwareAttack #ransomwareattack #cyber #computersecurity #cyberattack #Cybersecurity #cybercrime",,,
0,,"CyberIQs
@CyberIQs_
¬∑
7h",2022-08-17T17:23:20.000Z,"How to Make Your WordPress Site Safe and Fast With #infosec #infosecurity #cybersecurity #threatintel #threatintelligence #hacking #cybernews #cyberattack #threathunting 
#cloudsecurity #appsec #malware #ransomware #devops #dfir #bitcoin #CISA #owasp",,,1
0,,"Hacker Ghost
@HackerGhosttube
¬∑
7h",2022-08-17T17:15:51.000Z,"North Korea-backed Lazarus Group has been observed attacking job seekers with #macOS malware that can run on Apple Macs with Intel and M1 chipsets.
Detail: https://bit.ly/3Cidlh7
#vulnerability #infosec #Pentesting #hackerghost
#NorthKorea #malware #TechNews #Apple",,1,2
0,,"Kim Crawley
@kim_crawley
¬∑
7h",2022-08-17T17:10:29.000Z,#infosec,,,1
0,,"Jeff Englander
@JeffEnglander
¬∑
7h",2022-08-17T17:05:15.000Z,Operation In(ter)ception: Aerospace and military companies in the crosshairs of cyberspies | WeLiveSecurity | #informationsecurity #security #cyber #infosec #cybersecurity #datasecurity #devsecops,,2,2
0,,"Brier & Thorn M√©xico
@BrierandThornMX
¬∑
8h",2022-08-17T17:00:03.000Z,"Se detecta un #troyano de #Android evitando las protecciones de seguridad de #GooglePlayStore, previamente no documentado que se encuentra en desarrollo intentando abusar de los dispositivos usando t√©cnicas novedosas. #2022 #Infosec",,,
0,,"The Jolly Rogene
@Muskychode
¬∑
8h",2022-08-17T16:53:10.000Z,"Part of me thinks they are conducting social engineering research and have trolled an entire field‚Ä¶ that‚Äôs probably too meta for this persons capabilities, but regardless- one can‚Äôt help note the attention they‚Äôve generated and note how sick #infosec Twitter is‚Ä¶",,,1
0,,"cr1mesc3ne
@cr1mesc3ne1
¬∑
8h",2022-08-17T16:47:15.000Z,For such a techy company then graphics are shite,,,
0,,"Right-Hand Cybersecurity
@righthand_ai
¬∑
8h",2022-08-17T16:37:07.000Z,"Watch our live demo and secure access to an exclusive #CyberAwareness Month offer!

https://hubs.li/Q01kgtLg0

See how automation takes traditional #SecurityAwareness programs to new heights, with more engaged users and liberating InfoSec from manual tasks.  

Register now!",,,
0,,"Christoff Sogon
@sogonsec
¬∑
8h",2022-08-17T16:30:11.000Z,"I once couldn't reach something on top of a fridge and 
@AlyssaM_InfoSec
 roundhouse kicked it down for me, in heels. #truestory

And then we ate BBQ and laughed around a campfire/firepit.",1,,2
0,,"SC Media
@SCMagazine
¬∑
8h",2022-08-17T16:25:03.000Z,How to deploy a cloud-native app protection platform https://bit.ly/3Oaj5eV #cybersecurity #infosec #cloudsecurity,,,
0,,"Jason Morris
@jasonmorris
¬∑
8h",2022-08-17T16:19:59.000Z,"Android friends: 
@TechCrunch
 has launched a free anti-spyware tool that helps you know if your device is running spyware programs including TheTruthSpy. Here is the post by 
@zackwhittaker
 and where you can download for free: https://techcrunch.com/2022/08/17/thetruthspy-spyware-lookup-tool/‚Ä¶ #infosec",,,1
0,,"Infosec Alevski
@Alevskey
¬∑
8h",2022-08-17T16:11:02.000Z,Thoma Bravo Closes $6.9B Acquisition of Identity-Security Vendor SailPoint: https://ift.tt/dMLjxO4 by Dark Reading #infosec #software #technology,,,
0,,"PerimeterX is now HUMAN
@perimeterx
¬∑
9h",2022-08-17T16:04:24.000Z,"ICYMI: Cybercriminals use obfuscation as a way to hinder investigations into their attacks. But @SecureWithHUMAN/PerimeterX researcher 
@ctrl__esc
 stays ahead of the game with a new deobfuscation tool that is now open source. #JavaScript #infosec",2,3,2
0,,"Xstag0
@xstag00
¬∑
9h",2022-08-17T16:00:06.000Z,Hacking Basics- Recommended Read!: For those wanting to start with the basics of Hacking! #hacking #book #security #infosec devsecash.com:,,,
0,,"ùî∏ùïûùïöùï•ùïíùïß ùîπùïôùïíùï•ùï•ùïíùïîùïôùïíùï£ùïõùïñùïñ
@bamitav
¬∑
9h",2022-08-17T15:54:17.000Z,"Are #Blockchain Bridges Safe? Why Bridges Are Targets of #Hacks

https://coindesk.com/learn/are-blockchain-bridges-safe-why-bridges-are-targets-of-hacks/‚Ä¶

#cyberwar #cybercrime #hacker #privacy #APT #bot #CISO #100DaysOfCode #DataPrivacy #Phishing #hacking #CyberAttack #cybersecurity #Security #infosec #OpenSource #Python #javascript #Crypto",2,4,6
0,,"LaneSystems Ltd
@LaneSystems
¬∑
9h",2022-08-17T15:47:05.000Z,"#Exploit out for critical #Realtek #flaw affecting many networking devices
https://bleepingcomputer.com/news/security/exploit-out-for-critical-realtek-flaw-affecting-many-networking-devices/‚Ä¶

#Vulnerability affects RTL819x system on a chip (#SoC) - estimated to be in the millions. #CVE-2022-27255
#CyberSecurity #InfoSec #Backdoor #RemoreCodeExecution #RCE #RealtekSDK",,,
0,,"Beth Maundrill
@GunshipGirl
¬∑
9h",2022-08-17T15:40:59.000Z,"Following news that 
@Darktrace
  was in talks with 
@thomabravo
 about a possible cash offer for the firm 
@ReporterCoker
 explored what this could mean for cybersecurity at large.https://infosecurity-magazine.com/news-features/analysis-darktrace-potential?utm_source=twitterfeed&utm_medium=twitter‚Ä¶ #darktrace #cybersecurity #infosec",,,1
0,,"david_prahl
@infosec_chonk
¬∑
9h",2022-08-17T15:33:05.000Z,"looks good! might need more blinky blinky lights though, for the cool factor alone.",,,
0,,"Emma Li @Defcon
@Infosec_Emma
¬∑
9h",2022-08-17T15:29:23.000Z,he just unblock me. rip infosec legend rofl,,,1
0,,"Alissa Vasilevskis
@AVasilevskis
¬∑
9h",2022-08-17T15:20:55.000Z,AuditBoard Adds Ability to Assess Third-Party Risk - Security Boulevard https://securityboulevard.com/2022/08/auditboard-adds-ability-to-assess-third-party-risk/‚Ä¶ #riskmanagement #tprm #infosec #compliance,,,
0,,"reflarehq
@reflarehq
¬∑
9h",2022-08-17T15:16:18.000Z," ""Guten tag! Hallo... Hallo?"" 

#CyberSecurity #Infosec #Hacking",,,
0,,"Twitter Safety
@TwitterSafety",2022-08-17T15:10:01.000Z,"Do you know how to spot misinformation? 

Stop & take five before sharing. ",15,13,30
0,,"Comport Consulting
@ComportConsult
¬∑
9h",2022-08-17T15:06:47.000Z,"While Web3 may be difficult to subvert on an infrastructure level, there are other points of attack that may offer threat actors more opportunity #security #web3 #infosec",,1,
0,,"corixpartners
@corixpartners
¬∑
10h",2022-08-17T15:05:05.000Z,"Why Proactive #Cybersecurity Is a Must in Today‚Äôs Sophisticated Threat Environment > https://scoop.it/topic/cybersecurity-leadership/p/4134733667/2022/08/14/why-proactive-cybersecurity-is-a-must-in-today-s-sophisticated-threat-environment?utm_medium=social&utm_source=twitter‚Ä¶ 

#security #infosec #tech #business #leaders #leadership #management #cyberthreats #cyberattacks #databreaches #CISO #CIO #CTO #CEO",,4,2
0,,"infosec-jobs.com
@infosec_jobsCOM
¬∑
10h",2022-08-17T15:03:08.000Z,HIRING: Cybersecurity Architect (Remote) / United States https://infosec-jobs.com/J15500/ #InfoSec #InfoSecJobs #Cybersecurity #jobsearch #techjobs #hiringnow #CyberCareer #UnitedStates #AWS #Azure #CEH #CISSP #Cloud #DevOps #GIAC #Infrastructure #Linux #NIST #OSCP #Python #SANS,,4,2
0,,"BSidesMTL
@BSidesMontreal
¬∑
10h",2022-08-17T15:00:22.000Z,"We're thrilled to welcome Magno Logan from 
@TrendMicro
 this year at Bsides Montreal 2022!

Grab your ticket to listen to Magno's presentation ""GitHub Actions: Protecting your CI from attackers""!

Tickets are available at http://bsidesmtl.ca

#infosec #github #montreal",,2,3
0,,"Rene Robichaud
@ReneRobichaud
¬∑
10h",2022-08-17T14:56:18.000Z,"New Google Chrome Zero-Day Vulnerability Being Exploited in the Wild
https://thehackernews.com/2022/08/new-google-chrome-zero-day.html‚Ä¶

#infosec #secinfo #security #ceptbiro #cybersecurity #Google #Chrome #ZeroDay #Vulnerability",,,
0,,"Digital Element
@DigitalElement
¬∑
10h",2022-08-17T14:48:07.000Z,"Cybercriminals can often be identified according to high-risk locations. Learn how IP #geolocation data can help automatically flag those regions

https://bit.ly/311N5Bb 

#onlinesecurity #onlinefraud #fraudprotection #IPdata #cybersecurity #infosec",,,
0,,"spider_sec
@spider_sec
¬∑
10h",2022-08-17T14:42:19.000Z,"Bug Bounty Tips
Explanation : Registration Page
Bug Testing
#cybersecurity #hacking #hacker #ethicalhacking #infosec
#cybersecurity #kalilinux #pentesting #malware #hacked #cyberattack
#informationsecurity #hackerspace
#hackingtools #hack
#hackingnews #exploit #learnhacking",,2,
0,,"DeepFriedCyber
@DeepFriedCyber
¬∑
10h",2022-08-17T14:36:03.000Z,Cybercriminals Developing BugDrop Malware to Bypass Android Security Features http://dlvr.it/SWnRst #news #cybersecurity #infosec,,,
0,,"Wang Wei
@security_wang
¬∑
10h",2022-08-17T14:24:00.000Z,"#Google releases an important update for the #Chrome browser for Mac, #Linux, and Windows systems to patch several new vulnerabilities, including a #zeroday that is being exploited for attacks.

Read details: https://thehackernews.com/2022/08/new-google-chrome-zero-day.html‚Ä¶

#infosec #cybersecurity #hacking #technews",,4,4
0,,"Dennis Moore
@dbmoore
¬∑
10h",2022-08-17T14:20:00.000Z,"@PitchBook
 Emerging Tech Research #InformationSecurity Report
https://files.pitchbook.com/website/files/pdf/Q2_2022_Information_Security_Report_Preview.pdf‚Ä¶
Information security faces a slowdown
#VC investment in the #infosec space took a hit, dropping 44.6% QoQ to $3.2B.
Late-stage VC valuations held steady from Q1The exit market virtually halted.",,,2
0,,"Eddie
@InfosecLogger
¬∑
10h",2022-08-17T14:10:26.000Z,"@browninfosecguy
 will appreciate Waffle House",1,,1
0,,"Mithradates
@MithradatesVI
¬∑
11h",2022-08-17T14:06:11.000Z,"Man, infosec around here is so weak around here, I could tell stories. I'm just about the only one without a monitor sticky note.",,1,1
0,,"Kaspersky Italia
@KasperskyLabIT
¬∑
11h",2022-08-17T14:01:16.000Z,"ai perch√© non bisognerebbe mai rimandare un aggiornamento?
Te lo spieghiamo qui:  https://kas.pr/a76p
#softwareupdates #cybersec #infosec #kaspersky",,,
0,,"Md. Asif Iqbal
@BeingOvee
¬∑
11h",2022-08-17T13:57:48.000Z,"Ten tips to detect a phishing email. 
#CyberSecurity #CyberAttack #infosec #cybersecuritytips #cybersec 
#digitalnatives #AI #DataSecurity #DataAnalytics #RStats #reactjs #Python  #TensorFlow #Cloud #developer #BigData #5G #R #reddit #WomenInSTEM #technology #blockchain #IoT",,5,2
0,,"SpritzmonkeyLtd
@SpritzmonkeyLtd
¬∑
11h",2022-08-17T13:49:00.000Z,"Twitter admits to data breach exposing contact info for 5.4 million accounts

#InfoSec #CyberSecurity #Spritzmonkey #DataLeak",,,
0,,"Malware Patrol
@MalwarePatrol
¬∑
11h",2022-08-17T13:42:00.000Z,"""Cybersecurity researchers have elaborated a novel attack technique that weaponizes programmable logic controllers (PLCs) to gain an initial foothold in engineering workstations and subsequently invade the operational technology (OT) networks""

#infosec",,2,
0,,"The Cyber Leafblower
@InfosecVuvuzela
¬∑
11h",2022-08-17T13:35:03.000Z,"#Cybersecurity isn't anything like The Matrix. It is a lot more complex and requires a lot of attention to avoid #DataBreaches and #CyberAttacks. 
@InfoSec_Review
 goes over 5 things your team might be overlooking.",,,2
0,,"Metacurity - The Leading Infosec Daily Newsletter
@Metacurity
¬∑
11h",2022-08-17T13:30:51.000Z,"Check out the latest infosec news you need to know in today's Metacurity, with lead items via 
@kari_paul
 @gcdreyfuss
 @carlypage_
 @johndmckinnon
 @sarafischer
 @howelloneill
 @billtoulas
 @blalpert
 and more.",,,1
0,,"DeepFriedCyber
@DeepFriedCyber
¬∑
11h",2022-08-17T13:29:03.000Z,Chrome browser gets 11 security fixes with 1 zero-day ‚Äì update now! http://dlvr.it/SWnGkr #news #cybersecurity #infosec,,,1
0,,"Mohit Kumar
@unix_root
¬∑
11h",2022-08-17T13:24:00.000Z,"#Google releases an important update for the #Chrome browser for Mac, #Linux, and Windows systems to patch several new vulnerabilities, including a #zeroday that is being exploited for attacks.

Read details: https://thehackernews.com/2022/08/new-google-chrome-zero-day.html‚Ä¶

#infosec #cybersecurity #hacking #technews",,2,1
0,,"Twitter Business
@TwitterBusiness",2022-08-17T13:17:38.000Z,Bring your business to Twitter and connect to our leaned-in audience to make an impact and drive results.,1,19,16
0,,"SC Media
@SCMagazine
¬∑
11h",2022-08-17T13:10:02.000Z,"Lawmakers accuse .
@DHSgov
 watchdog of obstruction in probe of Secret Service texts #cybersecurity #infosec #ITsecurity",,3,
0,,"Cyentia Institute
@cyentiainst
¬∑
12h",2022-08-17T13:00:57.000Z,"Join The Cyentia Institute and 
@Security_Score
 for a discussion on their joint research effort that measured the speed of vulnerability remediation & how organizations can improve vulnerability management. Registration Open:https://sbee.link/m8vepy3ntd #cybersecurity #infosec #webinar",,1,2
0,,"Professional Development TSCM Group | Kestrel TSCM
@pdtg_tscm
¬∑
12h",2022-08-17T12:56:58.000Z,There is no other SDR software product that even comes close to the capability of the mighty Kestrel TSCM Professional Software. You will pay a heavy ethical price for buying foreign software! #TSCM #SIGINT #TEMPEST #RF #SDR #GEOLOCATION #INFOSEC #KESTREL,,1,1
0,,"Bob Carver ‚ú≠
@cybersecboardrm
¬∑
12h",2022-08-17T12:47:09.000Z,New Google Chrome Zero-Day Vulnerability Being Exploited in the Wild #Cybersecurity #infosec #security,,3,1
0,,"Lance Schukies
@LanceSchukies
¬∑
12h",2022-08-17T12:33:55.000Z,"Black Hat USA 2022: Are Cybersecurity Tool Standards on the Way? - (ISC)¬≤ Blog

#cybersecurity #infosec #hacker #cyberattack #phishing #cybercrime #malware #ransomware",,,
0,,"·¥Ä ô·¥Ö·¥á ü Ä ú·¥ç·¥Ä…¥ ·¥¢·¥Ä è·¥á·¥Ö
@aufzayed
¬∑
12h",2022-08-17T12:27:20.000Z,"Advanced JavaScript Injections
https://brutelogic.com.br/blog/advanced-javascript-injections/‚Ä¶

#bugbounty #cybersecurity #infosec",,4,20